time,source,destination,protocol,length,caplen,hlen,version 
1473405122847,0.0.0.0,0.0.0.0,Arp,60,60,6,0
1473405122848,137,137,Udp,92,92,8,0
1473405122848,49773,5355,Udp,75,75,8,0
1473405122848,59913,5355,Udp,75,75,8,0
1473405122859,0.0.0.0,0.0.0.0,Arp,60,60,6,0
1473405122872,63621,1900,Udp,175,175,8,0
1473405122897,0.0.0.0,0.0.0.0,Arp,60,60,6,0
1473405122942,0.0.0.0,0.0.0.0,Arp,60,60,6,0
1473405122984,0.0.0.0,0.0.0.0,Arp,60,60,6,0
1473405123037,0.0.0.0,0.0.0.0,Arp,60,60,6,0
1473405123057,0.0.0.0,0.0.0.0,Icmp,60,60,8,0
1473405123061,0.0.0.0,0.0.0.0,Icmp,60,60,8,0
1473405123062,0.0.0.0,0.0.0.0,Arp,60,60,6,0
1473405123062,0.0.0.0,0.0.0.0,Arp,60,60,6,0
1473405123074,137,137,Udp,92,92,8,0
1473405123092,58241,1900,Udp,140,140,8,0
1473405123147,0.0.0.0,0.0.0.0,Arp,60,60,6,0
1473405123185,0.0.0.0,0.0.0.0,Arp,60,60,6,0
1473405123187,0.0.0.0,0.0.0.0,Arp,60,60,6,0
1473405123200,0.0.0.0,0.0.0.0,Arp,60,60,6,0
1473405123217,0.0.0.0,0.0.0.0,Arp,60,60,6,0
1473405123237,0.0.0.0,0.0.0.0,Arp,60,60,6,0
1473405123267,0.0.0.0,0.0.0.0,Arp,60,60,6,0
1473405123268,59913,5355,Udp,75,75,8,0
1473405123269,49773,5355,Udp,75,75,8,0
1473405123287,0.0.0.0,0.0.0.0,Arp,60,60,6,0
1473405123417,0.0.0.0,0.0.0.0,Arp,60,60,6,0
1473405123440,0.0.0.0,0.0.0.0,Arp,60,60,6,0
1473405123444,54029,1900,Udp,216,216,8,0
1473405123457,137,137,Udp,92,92,8,0
1473405123467,0.0.0.0,0.0.0.0,Arp,60,60,6,0
1473405123496,137,137,Udp,92,92,8,0
1473405123517,0.0.0.0,0.0.0.0,Arp,60,60,6,0
1473405123522,0.0.0.0,0.0.0.0,Arp,60,60,6,0
1473405123558,0.0.0.0,0.0.0.0,Icmp,60,60,8,0
1473405123560,0.0.0.0,0.0.0.0,Arp,60,60,6,0
1473405123572,0.0.0.0,0.0.0.0,Arp,60,60,6,0
1473405123597,0.0.0.0,0.0.0.0,Arp,60,60,6,0
1473405123597,137,137,Udp,92,92,8,0
1473405123614,0.0.0.0,0.0.0.0,Arp,60,60,6,0
1473405123643,59061,1900,Udp,216,216,8,0
1473405123646,0.0.0.0,0.0.0.0,Icmp,98,98,8,0
1473405123646,0.0.0.0,0.0.0.0,Icmp,98,98,8,0
1473405123684,0.0.0.0,0.0.0.0,Arp,60,60,6,0
1473405123692,0.0.0.0,0.0.0.0,Arp,60,60,6,0
1473405123708,0.0.0.0,0.0.0.0,Arp,60,60,6,0
1473405123780,0.0.0.0,0.0.0.0,Arp,60,60,6,0
1473405123821,0.0.0.0,0.0.0.0,Arp,60,60,6,0
1473405123839,137,137,Udp,92,92,8,0
1473405123859,0.0.0.0,0.0.0.0,Arp,60,60,6,0
1473405123859,0.0.0.0,0.0.0.0,Arp,60,60,6,0
1473405123871,0.0.0.0,0.0.0.0,Icmp,98,98,8,0
1473405123894,0.0.0.0,0.0.0.0,Arp,60,60,6,0
1473405123897,0.0.0.0,0.0.0.0,Arp,60,60,6,0
1473405124057,0.0.0.0,0.0.0.0,Arp,60,60,6,0
1473405124060,0.0.0.0,0.0.0.0,Icmp,60,60,8,0
1473405124060,0.0.0.0,0.0.0.0,Icmp,60,60,8,0
1473405124061,0.0.0.0,0.0.0.0,Icmp,60,60,8,0
1473405124096,0.0.0.0,0.0.0.0,Arp,60,60,6,0
1473405124147,0.0.0.0,0.0.0.0,Arp,60,60,6,0
1473405124167,52542,1900,Udp,216,216,8,0
1473405124177,0.0.0.0,0.0.0.0,Arp,60,60,6,0
1473405124188,0.0.0.0,0.0.0.0,Arp,60,60,6,0
1473405124217,0.0.0.0,0.0.0.0,Arp,60,60,6,0
1473405124233,0.0.0.0,0.0.0.0,Arp,60,60,6,0
1473405124261,137,137,Udp,92,92,8,0
1473405124267,0.0.0.0,0.0.0.0,Arp,60,60,6,0
1473405124275,0.0.0.0,0.0.0.0,Arp,60,60,6,0
1473405124277,0.0.0.0,0.0.0.0,Arp,60,60,6,0
1473405124343,0.0.0.0,0.0.0.0,Arp,60,60,6,0
1473405124348,137,137,Udp,92,92,8,0
1473405124417,0.0.0.0,0.0.0.0,Arp,60,60,6,0
1473405124426,137,137,Udp,92,92,8,0
1473405124426,54245,5355,Udp,75,75,8,0
1473405124426,56694,5355,Udp,75,75,8,0
1473405124445,54029,1900,Udp,216,216,8,0
1473405124549,0.0.0.0,0.0.0.0,Arp,60,60,6,0
1473405124557,0.0.0.0,0.0.0.0,Arp,60,60,6,0
1473405124563,0.0.0.0,0.0.0.0,Icmp,60,60,8,0
1473405124567,0.0.0.0,0.0.0.0,Arp,60,60,6,0
1473405124589,137,137,Udp,92,92,8,0
1473405124628,138,138,Udp,291,291,8,0
1473405124644,59061,1900,Udp,216,216,8,0
1473405124692,0.0.0.0,0.0.0.0,Arp,60,60,6,0
1473405124694,0.0.0.0,0.0.0.0,Arp,60,60,6,0
1473405124729,0.0.0.0,0.0.0.0,Arp,60,60,6,0
1473405124777,0.0.0.0,0.0.0.0,Arp,60,60,6,0
1473405124820,0.0.0.0,0.0.0.0,Arp,60,60,6,0
1473405124846,54245,5355,Udp,75,75,8,0
1473405124847,56694,5355,Udp,75,75,8,0
1473405124857,0.0.0.0,0.0.0.0,Arp,60,60,6,0
1473405124859,0.0.0.0,0.0.0.0,Arp,60,60,6,0
1473405124863,0.0.0.0,0.0.0.0,Arp,60,60,6,0
1473405124890,0.0.0.0,0.0.0.0,Arp,60,60,6,0
1473405124952,0.0.0.0,0.0.0.0,Arp,60,60,6,0
1473405125057,0.0.0.0,0.0.0.0,Arp,60,60,6,0
1473405125058,0.0.0.0,0.0.0.0,Icmp,60,60,8,0
1473405125059,0.0.0.0,0.0.0.0,Icmp,60,60,8,0
1473405125087,0.0.0.0,0.0.0.0,Arp,60,60,6,0
1473405125164,0.0.0.0,0.0.0.0,Arp,60,60,6,0
1473405125166,0.0.0.0,0.0.0.0,Arp,60,60,6,0
1473405125166,52542,1900,Udp,216,216,8,0
1473405125168,0.0.0.0,0.0.0.0,Arp,60,60,6,0
1473405125177,0.0.0.0,0.0.0.0,Arp,60,60,6,0
1473405125191,137,137,Udp,92,92,8,0
1473405125227,0.0.0.0,0.0.0.0,Arp,60,60,6,0
1473405125301,0.0.0.0,0.0.0.0,Arp,60,60,6,0
1473405125354,0.0.0.0,0.0.0.0,Arp,60,60,6,0
1473405125440,0.0.0.0,0.0.0.0,Arp,60,60,6,0
1473405125446,54029,1900,Udp,216,216,8,0
1473405125498,0.0.0.0,0.0.0.0,Arp,60,60,6,0
1473405125520,137,137,Udp,92,92,8,0
1473405125521,56055,5355,Udp,75,75,8,0
1473405125521,54403,5355,Udp,75,75,8,0
1473405125547,0.0.0.0,0.0.0.0,Arp,60,60,6,0
1473405125557,0.0.0.0,0.0.0.0,Arp,60,60,6,0
1473405125560,0.0.0.0,0.0.0.0,Icmp,60,60,8,0
1473405125560,0.0.0.0,0.0.0.0,Icmp,60,60,8,0
1473405125567,0.0.0.0,0.0.0.0,Arp,60,60,6,0
1473405125588,51543,1900,Udp,175,175,8,0
1473405125589,0.0.0.0,0.0.0.0,Arp,60,60,6,0
1473405125590,0.0.0.0,0.0.0.0,Icmp,98,98,8,0
1473405125672,0.0.0.0,0.0.0.0,Arp,60,60,6,0
1473405125681,0.0.0.0,0.0.0.0,Arp,60,60,6,0
1473405125700,0.0.0.0,0.0.0.0,Arp,60,60,6,0
1473405125727,0.0.0.0,0.0.0.0,Arp,60,60,6,0
1473405125777,0.0.0.0,0.0.0.0,Arp,60,60,6,0
1473405125794,0.0.0.0,0.0.0.0,Arp,60,60,6,0
1473405125820,0.0.0.0,0.0.0.0,Arp,60,60,6,0
1473405125856,0.0.0.0,0.0.0.0,Arp,60,60,6,0
1473405125857,0.0.0.0,0.0.0.0,Arp,60,60,6,0
1473405125857,0.0.0.0,0.0.0.0,Arp,60,60,6,0
1473405125859,0.0.0.0,0.0.0.0,Arp,60,60,6,0
1473405125873,63621,1900,Udp,175,175,8,0
1473405125885,0.0.0.0,0.0.0.0,Arp,60,60,6,0
1473405125890,0.0.0.0,0.0.0.0,Arp,60,60,6,0
1473405125905,0.0.0.0,0.0.0.0,Arp,60,60,6,0
1473405125940,54403,5355,Udp,75,75,8,0
1473405125941,56055,5355,Udp,75,75,8,0
1473405125950,0.0.0.0,0.0.0.0,Arp,60,60,6,0
1473405125955,0.0.0.0,0.0.0.0,Arp,60,60,6,0
1473405125962,0.0.0.0,0.0.0.0,Arp,60,60,6,0
1473405125963,0.0.0.0,0.0.0.0,Arp,60,60,6,0
1473405125964,0.0.0.0,0.0.0.0,Arp,60,60,6,0
1473405125972,137,137,Udp,92,92,8,0
1473405125981,0.0.0.0,0.0.0.0,Arp,60,60,6,0
1473405126040,0.0.0.0,0.0.0.0,Arp,60,60,6,0
1473405126059,0.0.0.0,0.0.0.0,Icmp,60,60,8,0
1473405126060,0.0.0.0,0.0.0.0,Icmp,60,60,8,0
1473405126060,0.0.0.0,0.0.0.0,Icmp,60,60,8,0
1473405126087,0.0.0.0,0.0.0.0,Arp,60,60,6,0
1473405126090,0.0.0.0,0.0.0.0,Arp,60,60,6,0
1473405126092,0.0.0.0,0.0.0.0,Arp,86,86,6,0
1473405126092,0.0.0.0,0.0.0.0,Arp,86,86,6,0
1473405126156,50107,1900,Udp,216,216,8,0
1473405126157,0.0.0.0,0.0.0.0,Arp,60,60,6,0
1473405126160,0.0.0.0,0.0.0.0,Arp,60,60,6,0
1473405126167,52542,1900,Udp,216,216,8,0
1473405126168,137,137,Udp,92,92,8,0
1473405126227,0.0.0.0,0.0.0.0,Arp,60,60,6,0
1473405126285,137,137,Udp,92,92,8,0
1473405126287,53,53439,Udp,90,90,8,0
1473405126297,0.0.0.0,0.0.0.0,Arp,60,60,6,0
1473405126437,0.0.0.0,0.0.0.0,Arp,60,60,6,0
1473405126497,0.0.0.0,0.0.0.0,Arp,60,60,6,0
1473405126548,0.0.0.0,0.0.0.0,Arp,60,60,6,0
1473405126552,0.0.0.0,0.0.0.0,Arp,60,60,6,0
1473405126554,0.0.0.0,0.0.0.0,Arp,60,60,6,0
1473405126559,0.0.0.0,0.0.0.0,Icmp,60,60,8,0
1473405126560,0.0.0.0,0.0.0.0,Icmp,60,60,8,0
1473405126682,0.0.0.0,0.0.0.0,Arp,60,60,6,0
1473405126698,0.0.0.0,0.0.0.0,Arp,60,60,6,0
1473405126719,0.0.0.0,0.0.0.0,Icmp,60,60,8,0
1473405126727,0.0.0.0,0.0.0.0,Arp,60,60,6,0
1473405126755,137,137,Udp,92,92,8,0
1473405126755,58266,5355,Udp,75,75,8,0
1473405126755,62341,5355,Udp,75,75,8,0
1473405126819,0.0.0.0,0.0.0.0,Arp,60,60,6,0
1473405126858,0.0.0.0,0.0.0.0,Arp,60,60,6,0
1473405126859,0.0.0.0,0.0.0.0,Arp,60,60,6,0
1473405126860,0.0.0.0,0.0.0.0,Arp,60,60,6,0
1473405126879,0.0.0.0,0.0.0.0,Arp,60,60,6,0
1473405126933,137,137,Udp,92,92,8,0
1473405126950,0.0.0.0,0.0.0.0,Arp,60,60,6,0
1473405126978,0.0.0.0,0.0.0.0,Arp,60,60,6,0
1473405127019,0.0.0.0,0.0.0.0,Arp,60,60,6,0
1473405127038,0.0.0.0,0.0.0.0,Arp,60,60,6,0
1473405127050,137,137,Udp,92,92,8,0
1473405127087,0.0.0.0,0.0.0.0,Arp,60,60,6,0
1473405127156,50107,1900,Udp,216,216,8,0
1473405127157,0.0.0.0,0.0.0.0,Arp,60,60,6,0
1473405127158,0.0.0.0,0.0.0.0,Arp,60,60,6,0
1473405127167,52542,1900,Udp,216,216,8,0
1473405127175,58266,5355,Udp,75,75,8,0
1473405127175,62341,5355,Udp,75,75,8,0
1473405127198,0.0.0.0,0.0.0.0,Arp,60,60,6,0
1473405127200,0.0.0.0,0.0.0.0,Arp,60,60,6,0
1473405127251,0.0.0.0,0.0.0.0,Arp,60,60,6,0
1473405127259,0.0.0.0,0.0.0.0,Arp,60,60,6,0
1473405127297,0.0.0.0,0.0.0.0,Arp,60,60,6,0
1473405127438,0.0.0.0,0.0.0.0,Arp,60,60,6,0
1473405127497,0.0.0.0,0.0.0.0,Arp,60,60,6,0
1473405127519,0.0.0.0,0.0.0.0,Arp,60,60,6,0
1473405127520,137,137,Udp,92,92,8,0
1473405127545,0.0.0.0,0.0.0.0,Arp,60,60,6,0
1473405127552,0.0.0.0,0.0.0.0,Arp,60,60,6,0
1473405127554,0.0.0.0,0.0.0.0,Arp,60,60,6,0
1473405127640,0.0.0.0,0.0.0.0,Arp,60,60,6,0
1473405127643,0.0.0.0,0.0.0.0,Arp,60,60,6,0
1473405127680,0.0.0.0,0.0.0.0,Arp,60,60,6,0
1473405127698,0.0.0.0,0.0.0.0,Arp,60,60,6,0
1473405127714,137,137,Udp,92,92,8,0
1473405127766,0.0.0.0,0.0.0.0,Arp,60,60,6,0
1473405127797,0.0.0.0,0.0.0.0,Arp,60,60,6,0
1473405127818,0.0.0.0,0.0.0.0,Arp,60,60,6,0
1473405127858,0.0.0.0,0.0.0.0,Arp,60,60,6,0
1473405127859,0.0.0.0,0.0.0.0,Arp,60,60,6,0
1473405127879,0.0.0.0,0.0.0.0,Arp,60,60,6,0
1473405127978,0.0.0.0,0.0.0.0,Arp,60,60,6,0
1473405128013,0.0.0.0,0.0.0.0,Arp,60,60,6,0
1473405128018,0.0.0.0,0.0.0.0,Arp,60,60,6,0
1473405128038,0.0.0.0,0.0.0.0,Arp,60,60,6,0
1473405128040,0.0.0.0,0.0.0.0,Arp,60,60,6,0
1473405128060,0.0.0.0,0.0.0.0,Icmp,60,60,8,0
1473405128063,0.0.0.0,0.0.0.0,Icmp,60,60,8,0
1473405128087,58241,1900,Udp,140,140,8,0
1473405128087,0.0.0.0,0.0.0.0,Arp,60,60,6,0
1473405128096,137,137,Udp,92,92,8,0
1473405128098,137,137,Udp,92,92,8,0
1473405128150,0.0.0.0,0.0.0.0,Arp,60,60,6,0
1473405128156,50107,1900,Udp,216,216,8,0
1473405128158,0.0.0.0,0.0.0.0,Arp,60,60,6,0
1473405128193,0.0.0.0,0.0.0.0,Arp,60,60,6,0
1473405128217,0.0.0.0,0.0.0.0,Arp,60,60,6,0
1473405128248,0.0.0.0,0.0.0.0,Arp,60,60,6,0
1473405128258,0.0.0.0,0.0.0.0,Arp,60,60,6,0
1473405128285,137,137,Udp,92,92,8,0
1473405128446,0.0.0.0,0.0.0.0,Arp,60,60,6,0
1473405128450,0.0.0.0,0.0.0.0,Arp,60,60,6,0
1473405128456,0.0.0.0,0.0.0.0,Arp,60,60,6,0
1473405128466,0.0.0.0,0.0.0.0,Arp,60,60,6,0
1473405128467,0.0.0.0,0.0.0.0,Arp,60,60,6,0
1473405128509,52245,1900,Udp,216,216,8,0
1473405128517,0.0.0.0,0.0.0.0,Arp,60,60,6,0
1473405128540,0.0.0.0,0.0.0.0,Arp,60,60,6,0
1473405128558,0.0.0.0,0.0.0.0,Icmp,60,60,8,0
1473405128561,0.0.0.0,0.0.0.0,Icmp,60,60,8,0
1473405128589,51543,1900,Udp,175,175,8,0
1473405128614,137,137,Udp,92,92,8,0
1473405128614,57556,5355,Udp,75,75,8,0
1473405128614,56094,5355,Udp,75,75,8,0
1473405128638,0.0.0.0,0.0.0.0,Arp,60,60,6,0
1473405128638,0.0.0.0,0.0.0.0,Arp,60,60,6,0
1473405128680,0.0.0.0,0.0.0.0,Arp,60,60,6,0
1473405128735,0.0.0.0,0.0.0.0,Arp,60,60,6,0
1473405128791,60869,1900,Udp,216,216,8,0
1473405128797,0.0.0.0,0.0.0.0,Arp,60,60,6,0
1473405128818,0.0.0.0,0.0.0.0,Arp,60,60,6,0
1473405128844,137,137,Udp,92,92,8,0
1473405128849,137,137,Udp,92,92,8,0
1473405128851,0.0.0.0,0.0.0.0,Arp,60,60,6,0
1473405128858,0.0.0.0,0.0.0.0,Arp,60,60,6,0
1473405128859,0.0.0.0,0.0.0.0,Arp,60,60,6,0
1473405128860,0.0.0.0,0.0.0.0,Arp,60,60,6,0
1473405128867,0.0.0.0,0.0.0.0,Arp,60,60,6,0
1473405128888,60116,1900,Udp,216,216,8,0
1473405129007,0.0.0.0,0.0.0.0,Arp,60,60,6,0
1473405129018,0.0.0.0,0.0.0.0,Arp,60,60,6,0
1473405129034,57556,5355,Udp,75,75,8,0
1473405129034,56094,5355,Udp,75,75,8,0
1473405129035,0.0.0.0,0.0.0.0,Arp,60,60,6,0
1473405129038,0.0.0.0,0.0.0.0,Arp,60,60,6,0
1473405129058,0.0.0.0,0.0.0.0,Icmp,60,60,8,0
1473405129060,0.0.0.0,0.0.0.0,Arp,60,60,6,0
1473405129148,0.0.0.0,0.0.0.0,Arp,60,60,6,0
1473405129156,50107,1900,Udp,216,216,8,0
1473405129193,0.0.0.0,0.0.0.0,Arp,60,60,6,0
1473405129199,0.0.0.0,0.0.0.0,Arp,60,60,6,0
1473405129217,0.0.0.0,0.0.0.0,Arp,60,60,6,0
1473405129248,0.0.0.0,0.0.0.0,Arp,60,60,6,0
1473405129258,0.0.0.0,0.0.0.0,Arp,60,60,6,0
1473405129330,0.0.0.0,0.0.0.0,Arp,60,60,6,0
1473405129395,137,137,Udp,92,92,8,0
1473405129437,0.0.0.0,0.0.0.0,Arp,60,60,6,0
1473405129448,0.0.0.0,0.0.0.0,Arp,60,60,6,0
1473405129450,0.0.0.0,0.0.0.0,Arp,60,60,6,0
1473405129463,0.0.0.0,0.0.0.0,Arp,60,60,6,0
1473405129473,137,137,Udp,92,92,8,0
1473405129474,65098,5355,Udp,75,75,8,0
1473405129474,49653,5355,Udp,75,75,8,0
1473405129509,52245,1900,Udp,216,216,8,0
1473405129517,0.0.0.0,0.0.0.0,Arp,60,60,6,0
1473405129520,0.0.0.0,0.0.0.0,Arp,60,60,6,0
1473405129527,137,137,Udp,92,92,8,0
1473405129532,0.0.0.0,0.0.0.0,Icmp,60,60,8,0
1473405129538,0.0.0.0,0.0.0.0,Arp,60,60,6,0
1473405129594,137,137,Udp,92,92,8,0
1473405129599,137,137,Udp,92,92,8,0
1473405129605,1480,1900,Udp,202,202,8,0
1473405129606,1480,1900,Udp,202,202,8,0
1473405129638,0.0.0.0,0.0.0.0,Arp,60,60,6,0
1473405129638,0.0.0.0,0.0.0.0,Arp,60,60,6,0
1473405129727,0.0.0.0,0.0.0.0,Arp,60,60,6,0
1473405129781,60869,1900,Udp,216,216,8,0
1473405129797,0.0.0.0,0.0.0.0,Arp,60,60,6,0
1473405129823,0.0.0.0,0.0.0.0,Arp,60,60,6,0
1473405129854,0.0.0.0,0.0.0.0,Arp,60,60,6,0
1473405129855,0.0.0.0,0.0.0.0,Arp,60,60,6,0
1473405129859,0.0.0.0,0.0.0.0,Arp,60,60,6,0
1473405129894,49653,5355,Udp,75,75,8,0
1473405129894,65098,5355,Udp,75,75,8,0
1473405129903,60116,1900,Udp,216,216,8,0
1473405129936,0.0.0.0,0.0.0.0,Icmp,106,106,8,0
1473405129959,0.0.0.0,0.0.0.0,Icmp,98,98,8,0
1473405130007,0.0.0.0,0.0.0.0,Arp,60,60,6,0
1473405130038,0.0.0.0,0.0.0.0,Arp,60,60,6,0
1473405130058,0.0.0.0,0.0.0.0,Arp,60,60,6,0
1473405130060,0.0.0.0,0.0.0.0,Icmp,60,60,8,0
1473405130060,0.0.0.0,0.0.0.0,Icmp,60,60,8,0
1473405130099,0.0.0.0,0.0.0.0,Arp,60,60,6,0
1473405130121,138,138,Udp,243,243,8,0
1473405130121,138,138,Udp,243,243,8,0
1473405130148,0.0.0.0,0.0.0.0,Arp,60,60,6,0
1473405130160,137,137,Udp,92,92,8,0
1473405130198,0.0.0.0,0.0.0.0,Arp,60,60,6,0
1473405130217,0.0.0.0,0.0.0.0,Arp,60,60,6,0
1473405130223,137,137,Udp,92,92,8,0
1473405130292,137,137,Udp,92,92,8,0
1473405130328,0.0.0.0,0.0.0.0,Arp,60,60,6,0
1473405130437,0.0.0.0,0.0.0.0,Arp,60,60,6,0
1473405130448,0.0.0.0,0.0.0.0,Arp,60,60,6,0
1473405130450,0.0.0.0,0.0.0.0,Arp,60,60,6,0
1473405130463,0.0.0.0,0.0.0.0,Arp,60,60,6,0
1473405130478,0.0.0.0,0.0.0.0,Arp,60,60,6,0
1473405130510,52245,1900,Udp,216,216,8,0
1473405130518,0.0.0.0,0.0.0.0,Arp,60,60,6,0
1473405130538,0.0.0.0,0.0.0.0,Arp,60,60,6,0
1473405130560,0.0.0.0,0.0.0.0,Arp,60,60,6,0
1473405130630,0.0.0.0,0.0.0.0,Icmp,106,106,8,0
1473405130669,0.0.0.0,0.0.0.0,Arp,60,60,6,0
1473405130727,0.0.0.0,0.0.0.0,Arp,60,60,6,0
1473405130749,0.0.0.0,0.0.0.0,Arp,60,60,6,0
1473405130794,60869,1900,Udp,216,216,8,0
1473405130818,0.0.0.0,0.0.0.0,Arp,60,60,6,0
1473405130859,0.0.0.0,0.0.0.0,Arp,60,60,6,0
1473405130869,0.0.0.0,0.0.0.0,Arp,60,60,6,0
1473405130919,60116,1900,Udp,216,216,8,0
1473405130964,0.0.0.0,0.0.0.0,Icmp,98,98,8,0
1473405130988,137,137,Udp,92,92,8,0
1473405131058,0.0.0.0,0.0.0.0,Arp,60,60,6,0
1473405131059,0.0.0.0,0.0.0.0,Arp,60,60,6,0
1473405131062,0.0.0.0,0.0.0.0,Icmp,60,60,8,0
1473405131089,137,137,Udp,92,92,8,0
1473405131095,0.0.0.0,0.0.0.0,Arp,60,60,6,0
1473405131099,0.0.0.0,0.0.0.0,Arp,60,60,6,0
1473405131198,0.0.0.0,0.0.0.0,Arp,60,60,6,0
1473405131328,0.0.0.0,0.0.0.0,Arp,60,60,6,0
1473405131410,0.0.0.0,0.0.0.0,Arp,60,60,6,0
1473405131458,0.0.0.0,0.0.0.0,Arp,60,60,6,0
1473405131510,52245,1900,Udp,216,216,8,0
1473405131518,0.0.0.0,0.0.0.0,Arp,60,60,6,0
1473405131558,0.0.0.0,0.0.0.0,Arp,60,60,6,0
1473405131560,0.0.0.0,0.0.0.0,Icmp,60,60,8,0
1473405131562,0.0.0.0,0.0.0.0,Icmp,60,60,8,0
1473405131600,0.0.0.0,0.0.0.0,Arp,60,60,6,0
1473405131627,0.0.0.0,0.0.0.0,Arp,60,60,6,0
1473405131629,0.0.0.0,0.0.0.0,Arp,60,60,6,0
1473405131668,0.0.0.0,0.0.0.0,Arp,60,60,6,0
1473405131700,0.0.0.0,0.0.0.0,Arp,60,60,6,0
1473405131739,0.0.0.0,0.0.0.0,Arp,60,60,6,0
1473405131751,0.0.0.0,0.0.0.0,Arp,60,60,6,0
1473405131794,60869,1900,Udp,216,216,8,0
1473405131818,0.0.0.0,0.0.0.0,Arp,60,60,6,0
1473405131860,0.0.0.0,0.0.0.0,Arp,60,60,6,0
1473405131866,0.0.0.0,0.0.0.0,Arp,60,60,6,0
1473405131868,0.0.0.0,0.0.0.0,Arp,60,60,6,0
1473405131919,60116,1900,Udp,216,216,8,0
1473405131942,137,137,Udp,92,92,8,0
1473405131942,54807,5355,Udp,75,75,8,0
1473405131942,61842,5355,Udp,75,75,8,0
1473405131945,0.0.0.0,0.0.0.0,Arp,60,60,6,0
1473405131962,0.0.0.0,0.0.0.0,Icmp,98,98,8,0
1473405132058,0.0.0.0,0.0.0.0,Arp,60,60,6,0
1473405132060,0.0.0.0,0.0.0.0,Icmp,60,60,8,0
1473405132087,0.0.0.0,0.0.0.0,Arp,60,60,6,0
1473405132099,0.0.0.0,0.0.0.0,Arp,60,60,6,0
1473405132179,138,138,Udp,291,291,8,0
1473405132188,0.0.0.0,0.0.0.0,Arp,60,60,6,0
1473405132222,0.0.0.0,0.0.0.0,Arp,60,60,6,0
1473405132362,54807,5355,Udp,75,75,8,0
1473405132362,61842,5355,Udp,75,75,8,0
1473405132407,0.0.0.0,0.0.0.0,Arp,60,60,6,0
1473405132424,0.0.0.0,0.0.0.0,Arp,60,60,6,0
1473405132435,49227,1900,Udp,215,215,8,0
1473405132450,0.0.0.0,0.0.0.0,Arp,60,60,6,0
1473405132463,0.0.0.0,0.0.0.0,Arp,60,60,6,0
1473405132558,0.0.0.0,0.0.0.0,Arp,60,60,6,0
1473405132568,137,137,Udp,92,92,8,0
1473405132568,55128,5355,Udp,75,75,8,0
1473405132568,55043,5355,Udp,75,75,8,0
1473405132597,0.0.0.0,0.0.0.0,Arp,60,60,6,0
1473405132610,68,67,Udp,342,342,8,0
1473405132619,192.168.2.108,224.0.0.22,IP,60,60,6,4
1473405132625,192.168.2.108,224.0.0.22,IP,78,78,6,4
1473405132668,0.0.0.0,0.0.0.0,Arp,60,60,6,0
1473405132691,137,137,Udp,92,92,8,0
1473405132693,0.0.0.0,0.0.0.0,Arp,60,60,6,0
1473405132698,0.0.0.0,0.0.0.0,Arp,60,60,6,0
1473405132737,0.0.0.0,0.0.0.0,Arp,60,60,6,0
1473405132748,0.0.0.0,0.0.0.0,Arp,60,60,6,0
1473405132835,0.0.0.0,0.0.0.0,Arp,60,60,6,0
1473405132859,0.0.0.0,0.0.0.0,Arp,60,60,6,0
1473405132868,0.0.0.0,0.0.0.0,Arp,60,60,6,0
1473405132885,51679,1900,Udp,216,216,8,0
1473405132949,0.0.0.0,0.0.0.0,Arp,60,60,6,0
1473405132950,0.0.0.0,0.0.0.0,Arp,60,60,6,0
1473405132954,0.0.0.0,0.0.0.0,Arp,60,60,6,0
1473405132963,0.0.0.0,0.0.0.0,Icmp,98,98,8,0
1473405132988,55043,5355,Udp,75,75,8,0
1473405132988,55128,5355,Udp,75,75,8,0
1473405132990,0.0.0.0,0.0.0.0,Arp,60,60,6,0
1473405133043,0.0.0.0,0.0.0.0,Arp,60,60,6,0
1473405133058,0.0.0.0,0.0.0.0,Arp,60,60,6,0
1473405133087,0.0.0.0,0.0.0.0,Arp,60,60,6,0
1473405133187,0.0.0.0,0.0.0.0,Arp,60,60,6,0
1473405133198,192.168.2.108,224.0.0.22,IP,60,60,6,4
1473405133217,0.0.0.0,0.0.0.0,Arp,60,60,6,0
1473405133253,0.0.0.0,0.0.0.0,Arp,60,60,6,0
1473405133260,0.0.0.0,0.0.0.0,Arp,60,60,6,0
1473405133332,137,137,Udp,92,92,8,0
1473405133340,0.0.0.0,0.0.0.0,Arp,60,60,6,0
1473405133356,0.0.0.0,0.0.0.0,Arp,60,60,6,0
1473405133407,0.0.0.0,0.0.0.0,Arp,60,60,6,0
1473405133443,49227,1900,Udp,215,215,8,0
1473405133450,0.0.0.0,0.0.0.0,Arp,60,60,6,0
1473405133457,137,137,Udp,92,92,8,0
1473405133464,0.0.0.0,0.0.0.0,Arp,60,60,6,0
1473405133516,0.0.0.0,0.0.0.0,Arp,60,60,6,0
1473405133520,0.0.0.0,0.0.0.0,Arp,60,60,6,0
